-- 사용자
INSERT INTO users (users_name, users_id, users_password, users_email, users_phone, users_role)
VALUES 
('관리자', 'admin', '{bcrypt}$2a$10$Rro88dIX9bY9a6cZ0ReUw.CfDtfyIhgoDwI3438OWbDSOsp/L.wD2', 'admin@naver.com', '010-0000-0000', 'ROLE_ADMIN'),
('김강남', 'cherrybro1', '{bcrypt}$2a$10$Rro88dIX9bY9a6cZ0ReUw.CfDtfyIhgoDwI3438OWbDSOsp/L.wD2', 'gangnam@naver.com', '010-1111-1111', 'ROLE_FARMER'),
('김강북', 'cherrybro2', '{bcrypt}$2a$10$9a32jFO/jTEh0e93J9aGP.vd/CL98mo2tpQ9aeQroVa0yd4abYNP6', 'gangbuk@naver.com', '010-2222-2222', 'ROLE_FARMER'),
('홍길동', 'farmer3', '{bcrypt}dummy', 'hong1@naver.com', '010-3333-3333', 'ROLE_FARMER'),
('이순신', 'farmer4', '{bcrypt}dummy', 'lee1@naver.com', '010-4444-4444', 'ROLE_FARMER'),
('장보고', 'farmer5', '{bcrypt}dummy', 'jang1@naver.com', '010-5555-5555', 'ROLE_FARMER'),
('유관순', 'farmer6', '{bcrypt}dummy', 'ryu1@naver.com', '010-6666-6666', 'ROLE_FARMER'),
('신사임당', 'farmer7', '{bcrypt}dummy', 'shin1@naver.com', '010-7777-7777', 'ROLE_FARMER'),
('세종대왕', 'farmer8', '{bcrypt}dummy', 'sejong1@naver.com', '010-8888-8888', 'ROLE_FARMER'),
('안중근', 'farmer9', '{bcrypt}dummy', 'ahn1@naver.com', '010-9999-9999', 'ROLE_FARMER');

--농장
INSERT INTO farm (farm_name, users_no)
VALUES 
('강남농장', 2),
('강북농장', 3),
('홍길동농장', 4),
('이순신농장', 5),
('장보고농장', 6),
('유관순농장', 7),
('신사임당농장', 8),
('세종대왕농장', 9),
('안중근농장', 10);

--농장동
INSERT INTO farm_section (farm_no, farm_section_name)
VALUES 
(1, '1동'), (1, '2동'), (1, '3동'), (1, '4동'),
(2, '1동'), (2, '2동'), (2, '3동'), (2, '4동'),
(3, '1동'), (3, '2동'), (3, '3동'), (3, '4동'),
(4, '1동'), (4, '2동'), (4, '3동'), (4, '4동'),
(5, '1동'), (5, '2동'), (5, '3동'),
(6, '1동'), (6, '2동'), (6, '3동'),
(7, '1동'), (7, '2동'), (7, '3동'),
(8, '1동'), (8, '2동'), (8, '3동'),
(9, '1동'), (9, '2동'), (9, '3동');
-- 입추수수
INSERT INTO chick_entry (chick_entry_date, chick_entry_number, farm_section_no, chick_entry_create_at)
VALUES
('2025-04-01', 1000, 1, NOW()),
('2025-04-02', 1200, 2, NOW()),
('2025-04-03', 1300, 3, NOW()),
('2025-04-04', 1100, 4, NOW()),
('2025-04-05', 1400, 5, NOW()),
('2025-04-06', 1500, 6, NOW()),
('2025-04-07', 1600, 7, NOW()),
('2025-04-08', 1700, 8, NOW()),
('2025-04-09', 1800, 9, NOW()),
('2025-04-10', 1900, 10, NOW()),
('2025-04-11', 2000, 11, NOW()),
('2025-04-12', 2100, 12, NOW()),
('2025-04-13', 2200, 13, NOW()),
('2025-04-14', 2300, 14, NOW()),
('2025-04-15', 2400, 15, NOW()),
('2025-04-16', 2500, 16, NOW()),
('2025-04-17', 2600, 17, NOW()),
('2025-04-18', 2700, 18, NOW()),
('2025-04-19', 2800, 19, NOW()),
('2025-04-20', 2900, 20, NOW()),
('2025-04-21', 3000, 21, NOW()),
('2025-04-22', 3100, 22, NOW()),
('2025-04-23', 3200, 23, NOW()),
('2025-04-24', 3300, 24, NOW()),
('2025-04-25', 3400, 25, NOW()),
('2025-04-26', 3500, 26, NOW()),
('2025-04-27', 3600, 27, NOW()),
('2025-04-28', 3700, 28, NOW()),
('2025-04-29', 3800, 29, NOW()),
('2025-04-30', 3900, 30, NOW()),
('2025-05-01', 4000, 1, NOW()),
('2025-05-02', 4100, 2, NOW()),
('2025-05-03', 4200, 3, NOW()),
('2025-05-04', 4300, 4, NOW()),
('2025-05-05', 4400, 5, NOW()),
('2025-05-06', 4500, 6, NOW()),
('2025-05-07', 4600, 7, NOW()),
('2025-05-08', 4700, 8, NOW()),
('2025-05-09', 4800, 9, NOW()),
('2025-05-10', 4900, 10, NOW()),
('2025-05-11', 5000, 11, NOW()),
('2025-05-12', 5100, 12, NOW()),
('2025-05-13', 5200, 13, NOW()),
('2025-05-14', 5300, 14, NOW()),
('2025-05-15', 5400, 15, NOW()),
('2025-05-16', 5500, 16, NOW()),
('2025-05-17', 5600, 17, NOW()),
('2025-05-18', 5700, 18, NOW()),
('2025-05-19', 5800, 19, NOW()),
('2025-05-20', 5900, 20, NOW());

--폐사
INSERT INTO chick_death (chick_death_date, chick_death_number, farm_section_no, chick_death_create_at)
VALUES
('2025-04-01', 5, 1, NOW()),
('2025-04-02', 4, 2, NOW()),
('2025-04-03', 6, 3, NOW()),
('2025-04-04', 3, 4, NOW()),
('2025-04-05', 7, 5, NOW()),
('2025-04-06', 5, 6, NOW()),
('2025-04-07', 9, 7, NOW()),
('2025-04-08', 8, 8, NOW()),
('2025-04-09', 6, 9, NOW()),
('2025-04-10', 7, 10, NOW()),
('2025-04-11', 5, 11, NOW()),
('2025-04-12', 4, 12, NOW()),
('2025-04-13', 3, 13, NOW()),
('2025-04-14', 8, 14, NOW()),
('2025-04-15', 9, 15, NOW()),
('2025-04-16', 6, 16, NOW()),
('2025-04-17', 7, 17, NOW()),
('2025-04-18', 5, 18, NOW()),
('2025-04-19', 4, 19, NOW()),
('2025-04-20', 3, 20, NOW()),
('2025-04-21', 8, 21, NOW()),
('2025-04-22', 7, 22, NOW()),
('2025-04-23', 6, 23, NOW()),
('2025-04-24', 5, 24, NOW()),
('2025-04-25', 4, 25, NOW()),
('2025-04-26', 3, 26, NOW()),
('2025-04-27', 8, 27, NOW()),
('2025-04-28', 7, 28, NOW()),
('2025-04-29', 6, 29, NOW()),
('2025-04-30', 5, 30, NOW()),
('2025-05-01', 9, 1, NOW()),
('2025-05-02', 8, 2, NOW()),
('2025-05-03', 7, 3, NOW()),
('2025-05-04', 6, 4, NOW()),
('2025-05-05', 5, 5, NOW()),
('2025-05-06', 4, 6, NOW()),
('2025-05-07', 3, 7, NOW()),
('2025-05-08', 8, 8, NOW()),
('2025-05-09', 7, 9, NOW()),
('2025-05-10', 6, 10, NOW()),
('2025-05-11', 5, 11, NOW()),
('2025-05-12', 4, 12, NOW()),
('2025-05-13', 3, 13, NOW()),
('2025-05-14', 9, 14, NOW()),
('2025-05-15', 8, 15, NOW()),
('2025-05-16', 7, 16, NOW()),
('2025-05-17', 6, 17, NOW()),
('2025-05-18', 5, 18, NOW()),
('2025-05-19', 4, 19, NOW()),
('2025-05-20', 3, 20, NOW());

--도사
INSERT INTO chick_disposal (chick_disposal_date, chick_disposal_number, farm_section_no, chick_disposal_create_at)
VALUES
('2025-04-01', 10, 1, NOW()),
('2025-04-02', 20, 2, NOW()),
('2025-04-03', 15, 3, NOW()),
('2025-04-04', 18, 4, NOW()),
('2025-04-05', 12, 5, NOW()),
('2025-04-06', 11, 6, NOW()),
('2025-04-07', 13, 7, NOW()),
('2025-04-08', 17, 8, NOW()),
('2025-04-09', 14, 9, NOW()),
('2025-04-10', 16, 10, NOW()),
('2025-04-11', 19, 11, NOW()),
('2025-04-12', 10, 12, NOW()),
('2025-04-13', 20, 13, NOW()),
('2025-04-14', 15, 14, NOW()),
('2025-04-15', 18, 15, NOW()),
('2025-04-16', 12, 16, NOW()),
('2025-04-17', 11, 17, NOW()),
('2025-04-18', 13, 18, NOW()),
('2025-04-19', 17, 19, NOW()),
('2025-04-20', 14, 20, NOW()),
('2025-04-21', 16, 21, NOW()),
('2025-04-22', 19, 22, NOW()),
('2025-04-23', 10, 23, NOW()),
('2025-04-24', 20, 24, NOW()),
('2025-04-25', 15, 25, NOW()),
('2025-04-26', 18, 26, NOW()),
('2025-04-27', 12, 27, NOW()),
('2025-04-28', 11, 28, NOW()),
('2025-04-29', 13, 29, NOW()),
('2025-04-30', 17, 30, NOW()),
('2025-05-01', 14, 1, NOW()),
('2025-05-02', 16, 2, NOW()),
('2025-05-03', 19, 3, NOW()),
('2025-05-04', 10, 4, NOW()),
('2025-05-05', 20, 5, NOW()),
('2025-05-06', 15, 6, NOW()),
('2025-05-07', 18, 7, NOW()),
('2025-05-08', 12, 8, NOW()),
('2025-05-09', 11, 9, NOW()),
('2025-05-10', 13, 10, NOW()),
('2025-05-11', 17, 11, NOW()),
('2025-05-12', 14, 12, NOW()),
('2025-05-13', 16, 13, NOW()),
('2025-05-14', 19, 14, NOW()),
('2025-05-15', 10, 15, NOW()),
('2025-05-16', 20, 16, NOW()),
('2025-05-17', 15, 17, NOW()),
('2025-05-18', 18, 18, NOW()),
('2025-05-19', 12, 19, NOW()),
('2025-05-20', 11, 20, NOW());


